Filename,Title,Description,Tags,block,image
L2 - Area H - Lift H.jpg,L2 - Area H - Lift H,Level 2 Lift Sign,"Lift, Level 2, CSSD, Intensive Care Unit (ICU), Paediatric Day Room, Entrance H, Theatres Ground Floor, NO CAR PARK ACCESS",Area H,signs/Area H/L2 - Area H - Lift H.jpg
Area H - Lift H Internal.jpg,Area H - Lift H Internal,Internal Lift H Sign,"Lift, Day of Surgery Admissions, Theatres - Second Floor, CSSD, Intensive Care Unit (ICU), Paediatric Day Room, Entrance H, Theatres Ground Floor",Area H,signs/Area H/Area H - Lift H Internal.jpg
G-Area H - Directory.jpg,G-Area H - Directory,Ground Floor Directory,"Area H, Directional",Area H,signs/Area H/G-Area H - Directory.jpg
G-Area H- Lift.jpg,G-Area H- Lift,Ground Level Lift Sign,"Lift, Ground Level, Day of Surgery Admissions, Theatres - Second Floor, CSSD, Intensive Care Unit (ICU), Paediatric Day Room, NO CAR PARK ACCESS",Area H,signs/Area H/G-Area H- Lift.jpg
G-Area H- Nav2.jpg,G-Area H- Nav2,Ground Level Navigation Sign,"Area H, Directional, G, Nav2",Area H,signs/Area H/G-Area H- Nav2.jpg
G-Area H-Nav3.jpg,G-Area H-Nav3,Navigation Sign,"Area H, Toilets, Wheelchair Access, Directional",Area H,signs/Area H/G-Area H-Nav3.jpg
G-Area H - Theatres Ground Floor Directional.jpg,G-Area H - Theatres Ground Floor Directional,Navigation Sign for Theatres,"Area H, Directional",Area H,signs/Area H/G-Area H - Theatres Ground Floor Directional.jpg
G-Area H- Hanging A.jpg,G-Area H- Hanging A,Hanging Directory Sign A,"Area H, Theatres - Ground Floor, Main Entrance, Lift H, Carpark Lift, Information, Directional",Area H,signs/Area H/G-Area H- Hanging A.jpg
G-Area H- Hanging B.jpg,G-Area H- Hanging B,Hanging Directory Sign B,"Area H, Toilets, Wheelchair Access, Directional",Area H,signs/Area H/G-Area H- Hanging B.jpg
G-Area H - Nav1.jpg,G-Area H - Nav1,Navigation Sign,"Area H, Theatres - Ground Floor, Toilets, Wheelchair Access, Directional",Area H,signs/Area H/G-Area H - Nav1.jpg
G-Area H - Theatres - Ground Floor.jpg,G-Area H - Theatres - Ground Floor,Directional Sign to Theatres,"Area H, Directional",Area H,signs/Area H/G-Area H - Theatres - Ground Floor.jpg
Area H - External.jpg,Area H - External,Entrance H Sign,"Entrance, Area H",Area H,signs/Area H/Area H - External.jpg
Area H - Lift H Internal 2.jpg,Area H - Lift H Internal 2,Internal Lift H Sign,"Lift, Day of Surgery Admissions, Theatres - Second Floor, CSSD, Intensive Care Unit (ICU), Paediatric Day Room, Entrance H, Theatres Ground Floor",Area H,signs/Area H/Area H - Lift H Internal 2.jpg
